book_title,chapter,avg_anger_sentiment,avg_anticipation_sentiment,avg_disgust_sentiment,avg_fear_sentiment,avg_joy_sentiment,avg_sadness_sentiment,avg_surprise_sentiment,avg_trust_sentiment
Harry Potter and the Philosopher's Stone,1,5.447809980387885e-4,8.171714970581826e-4,3.1324907387230333e-4,4.766833732839399e-4,6.673567225975158e-4,7.218348224013946e-4,5.311614730878186e-4,0.0011031815210285464
Harry Potter and the Philosopher's Stone,2,0.0016896802325581395,7.994186046511628e-4,7.8125e-4,0.0010174418604651163,6.722383720930232e-4,0.0018531976744186047,6.177325581395349e-4,0.0012536337209302325
Harry Potter and the Philosopher's Stone,3,0.0013145936120488185,0.0010711503505582965,5.518047260451831e-4,5.518047260451831e-4,3.895092183848351e-4,0.0012983640612827837,1.7852505842638278e-4,9.250843936639834e-4
Harry Potter and the Philosopher's Stone,4,0.001510727865290603,7.808256382400868e-4,8.996469310157523e-4,0.001510727865290603,6.280554046713743e-4,0.001833242802824552,6.450298750678979e-4,0.0010014937533948942
Harry Potter and the Philosopher's Stone,5,0.0014930766889835667,9.890444309190506e-4,6.847230675593427e-4,7.322732805842971e-4,5.991326841144248e-4,0.0015120967741935483,4.564820450395618e-4,0.0011221850273889227
Harry Potter and the Philosopher's Stone,6,0.0013033269659344156,8.755173511620503e-4,8.158229863100923e-4,5.8699458771092e-4,5.770455269022604e-4,0.001591849729385546,4.079114931550462e-4,6.864851957975168e-4
Harry Potter and the Philosopher's Stone,7,0.0012435725463894477,7.684998882181982e-4,7.265817124972055e-4,8.80281690140845e-4,8.94254415381176e-4,0.0015369997764363963,7.265817124972055e-4,0.0013134361725911023
Harry Potter and the Philosopher's Stone,8,0.0012451012410189418,8.572828216851731e-4,6.93990855649902e-4,0.001040986283474853,6.735793598954931e-4,0.001040986283474853,7.960483344219465e-4,0.001040986283474853
Harry Potter and the Philosopher's Stone,9,0.0013900224443991022,8.289124668435013e-4,4.590899816364008e-4,8.926749642930013e-4,6.37624974495001e-4,0.0014537849418486022,7.013874719445012e-4,0.001224239951030402
Harry Potter and the Philosopher's Stone,10,0.0016048085901027077,8.46171802054155e-4,5.397992530345472e-4,7.440476190476191e-4,4.960317460317461e-4,0.0014005602240896359,4.668534080298786e-4,9.191176470588236e-4
Harry Potter and the Philosopher's Stone,11,0.0020070528211284513,4.68937575030012e-4,4.8769507803121247e-4,9.941476590636254e-4,4.3142256902761105e-4,0.0015756302521008404,5.06452581032413e-4,8.628451380552221e-4
Harry Potter and the Philosopher's Stone,12,0.0015163261583363737,8.550711419190077e-4,5.47245530828165e-4,5.244436337103246e-4,7.068588106530464e-4,0.0015049252097774535,4.7883983947464426e-4,8.892739875957681e-4
Harry Potter and the Philosopher's Stone,13,0.001824960753532182,9.811616954474099e-4,5.10204081632653e-4,8.045525902668759e-4,6.671899529042387e-4,0.0016875981161695447,4.905808477237049e-4,9.419152276295134e-4
Harry Potter and the Philosopher's Stone,14,0.0010281385281385282,7.395382395382396e-4,1.984126984126984e-4,0.0010281385281385282,6.132756132756134e-4,0.0013347763347763349,3.427128427128427e-4,8.297258297258297e-4
Harry Potter and the Philosopher's Stone,15,0.001720747295968535,8.235004916420846e-4,6.760078662733529e-4,0.001327433628318584,4.916420845624386e-4,0.0018928220255653883,5.285152409046215e-4,9.218289085545724e-4
Harry Potter and the Philosopher's Stone,16,0.0015096618357487923,6.817827645317126e-4,3.2141187470780734e-4,8.376188249961041e-4,4.285491662770766e-4,0.0015291413433068412,4.577684276141499e-4,7.791803023219573e-4
Harry Potter and the Philosopher's Stone,17,0.0019213174748398901,0.001086459286367795,6.633119853613907e-4,0.0011665141811527905,9.720951509606588e-4,0.0020013723696248853,7.204940530649588e-4,0.001269441903019213
Harry Potter and the Chamber of Secrets,18,0.002114113530326594,0.001312208398133748,8.505054432348366e-4,0.0011421073094867809,8.262052877138415e-4,0.002381415241057543,8.262052877138414e-4,0.0011664074650077762
Harry Potter and the Chamber of Secrets,19,0.002450122506125306,7.656632831641582e-4,9.406720336016801e-4,0.0015094504725236262,6.781589079453974e-4,0.0027345117255862792,7.000350017500875e-4,0.0014219460973048654
Harry Potter and the Chamber of Secrets,20,0.0015318627450980392,7.520053475935829e-4,5.98819073083779e-4,8.912655971479501e-4,6.266711229946524e-4,0.0016711229946524064,4.317067736185384e-4,9.330436720142603e-4
Harry Potter and the Chamber of Secrets,21,0.0013124783061437,9.328358208955225e-4,5.206525511975009e-4,8.026726830961471e-4,7.375911141964596e-4,0.0013992537313432837,6.61662617146824e-4,0.0010304581742450539
Harry Potter and the Chamber of Secrets,22,0.0017020192663949611,8.33642089662838e-4,7.294368284549834e-4,0.001053630974434976,6.020748425342719e-4,0.001806224527602816,6.252315672471286e-4,9.84160800296406e-4
Harry Potter and the Chamber of Secrets,23,0.0014802631578947369,7.8125e-4,5.071271929824562e-4,7.8125e-4,6.853070175438596e-4,0.0016858552631578948,0.00045230263157894736,9.86842105263158e-4
Harry Potter and the Chamber of Secrets,24,0.0016776677667766776,8.663366336633663e-4,6.738173817381738e-4,7.563256325632563e-4,7.013201320132013e-4,0.0015676567656765675,5.363036303630363e-4,0.0011688668866886688
Harry Potter and the Chamber of Secrets,25,0.0016484765802637562,8.95293315143247e-4,8.668713051386993e-4,0.0012363574351978172,6.963392451114143e-4,0.0019895407003183265,4.973851750795816e-4,9.805593451568896e-4
Harry Potter and the Chamber of Secrets,26,0.0012040280210157618,5.59447363300253e-4,6.324187585133294e-4,7.905234481416618e-4,3.6485697606538237e-4,0.0012040280210157618,4.013426736719206e-4,9.486281377699942e-4
Harry Potter and the Chamber of Secrets,27,0.0018910741301059,6.855143721633888e-4,7.091527987897125e-4,0.0013473903177004538,4.491301059001513e-4,0.0020329046898638426,5.909606656580937e-4,0.0010991868381240546
Harry Potter and the Chamber of Secrets,28,0.001532016008004002,6.565782891445723e-4,6.148907787226947e-4,0.001198515924628981,3.7518759379689845e-4,0.0016153910288477574,5.210938802734701e-4,8.754377188594296e-4
Harry Potter and the Chamber of Secrets,29,0.0016517279615597858,0.0011088523378303457,6.583810755867676e-4,0.0010973017926446129,5.544261689151729e-4,0.0018596377749029757,5.659767141009055e-4,8.316392533727592e-4
Harry Potter and the Chamber of Secrets,30,0.0014886363636363636,0.0010113636363636362,6.931818181818182e-4,7.954545454545455e-4,8.977272727272727e-4,0.0017159090909090909,0.0010795454545454546,0.0013068181818181818
Harry Potter and the Chamber of Secrets,31,0.001226427115188583,0.0010352956167176352,4.6190112130479105e-4,0.001226427115188583,6.21177370030581e-4,0.001321992864424057,5.89322120285423e-4,0.001226427115188583
Harry Potter and the Chamber of Secrets,32,0.001729779017378245,6.704569834799399e-4,5.497747264535507e-4,0.0010593220338983053,5.631838661231496e-4,0.0017297790173782452,4.827290281055567e-4,9.25230637202317e-4
Harry Potter and the Chamber of Secrets,33,0.0015225066195939984,7.833186231244484e-4,6.509267431597529e-4,0.0011473962930273608,3.861429832303619e-4,0.0016879964695498677,4.0820829655781115e-4,9.488084730803177e-4
Harry Potter and the Chamber of Secrets,34,0.002251940133037694,0.0011086474501108647,8.314855875831487e-4,0.0013280672579453067,9.931633407243162e-4,0.002332779009608278,0.0010740022172949003,0.0012125831485587583
Harry Potter and the Chamber of Secrets,35,0.0019010138740661688,8.671291355389541e-4,9.004802561366062e-4,0.001183964781216649,9.838580576307363e-4,0.002017742796157951,7.003735325506938e-4,0.0018343116328708644
Harry Potter and the Prisoner of Azkaban,36,0.0017417478354978355,0.001471185064935065,7.271374458874459e-4,0.0011329816017316017,8.793290043290044e-4,0.0018262987012987013,8.285984848484849e-4,0.0012006222943722945
Harry Potter and the Prisoner of Azkaban,37,0.001993129375162043,6.157635467980295e-4,9.074410163339384e-4,9.722582317863626e-4,7.129893699766659e-4,0.0020093336790251493,4.5372050816696913e-4,0.0017176562094892403
Harry Potter and the Prisoner of Azkaban,38,0.0018697191139529573,8.706325645124458e-4,6.279972596483214e-4,9.134505594884677e-4,7.849965745604019e-4,0.002497716373601279,7.279059145923727e-4,0.0010419045444165333
Harry Potter and the Prisoner of Azkaban,39,0.0013589618021547503,9.671890303623898e-4,6.856023506366307e-4,9.794319294809011e-4,8.202742409402547e-4,0.0014691478942213518,7.100881488736532e-4,9.304603330068561e-4
Harry Potter and the Prisoner of Azkaban,40,0.0016909864721082232,7.599939200486395e-4,5.794953640370877e-4,9.784921720626236e-4,6.459948320413437e-4,0.001947484420124639,5.509955920352637e-4,0.0012729898160814715
Harry Potter and the Prisoner of Azkaban,41,0.0016078372719114569,0.001121746933891714,7.104397247980856e-4,0.0010656595871971282,6.076129225246785e-4,0.0017574035297636852,7.197876159138498e-4,0.001187182171702064
Harry Potter and the Prisoner of Azkaban,42,0.0011789672247111528,8.694883282244753e-4,7.221174251355812e-4,0.001149493044093374,5.600094317377976e-4,0.001355812308417826,6.926432445178024e-4,0.0014737090308889413
Harry Potter and the Prisoner of Azkaban,43,0.001392203659506762,8.576968973747017e-4,7.209626093874304e-4,7.333929992044551e-4,7.333929992044551e-4,0.0017651153540175022,6.090891010342084e-4,0.00128033015115354
Harry Potter and the Prisoner of Azkaban,44,0.0015568549153831526,8.200228180262407e-4,5.942194333523484e-4,9.269823160296634e-4,4.872599353489257e-4,0.0016756988020536223,5.823350446853014e-4,0.0013429359193763073
Harry Potter and the Prisoner of Azkaban,45,0.0013873179697440974,9.36660540082002e-4,6.450586738300579e-4,9.720062208398134e-4,7.687685564823979e-4,0.0018644846599745512,6.273858334511522e-4,0.0011398982044394175
Harry Potter and the Prisoner of Azkaban,46,0.0013438451890342234,6.719225945171117e-4,5.823329152481634e-4,9.630890521411935e-4,5.935316251567819e-4,0.0014782297079376457,4.927432359792151e-4,0.0011198709908618527
Harry Potter and the Prisoner of Azkaban,47,0.0017495299770210987,0.0012533946104031752,4.569667850428243e-4,8.355964069354503e-4,8.61708794652183e-4,0.0020367662419051597,6.005849174848548e-4,0.0014361813244203052
Harry Potter and the Prisoner of Azkaban,48,0.0015753828032979977,7.950530035335689e-4,3.8280329799764433e-4,7.06713780918728e-4,7.06713780918728e-4,0.0016342756183745583,5.447585394581861e-4,0.0012073027090694936
Harry Potter and the Prisoner of Azkaban,49,0.0018070112034694616,8.244488615829419e-4,7.453921214311529e-4,9.599747018431515e-4,5.308095410191543e-4,0.0018521864835561981,4.2916516082399715e-4,8.244488615829419e-4
Harry Potter and the Prisoner of Azkaban,50,0.0017834423845874228,8.406034169392948e-4,5.906942929843693e-4,0.0010109960014540167,5.452562704471102e-4,0.0017720828789531081,6.702108324245729e-4,0.001056434023991276
Harry Potter and the Prisoner of Azkaban,51,0.0017452506294346531,9.441519798580911e-4,6.86655985351339e-4,0.0011587319752803845,6.580453192950332e-4,0.002045662623025864,5.57907988097963e-4,0.0010156786449988557
Harry Potter and the Prisoner of Azkaban,52,0.0018228544107100166,4.333014582835285e-4,6.574229022232848e-4,0.0012999043748505858,2.8388716232369114e-4,0.002749223045661009,5.827157542433659e-4,7.02247191011236e-4
Harry Potter and the Prisoner of Azkaban,53,0.0010498687664041995,9.332166812481773e-4,6.707494896471274e-4,0.001137357830271216,4.666083406240886e-4,0.0016914552347623215,6.707494896471274e-4,0.0011956838728492273
Harry Potter and the Prisoner of Azkaban,54,0.0011783284742468416,5.223517978620019e-4,7.896015549076774e-4,9.718172983479106e-4,4.0087463556851314e-4,0.0017492711370262393,5.344995140913508e-4,9.232264334305151e-4
Harry Potter and the Prisoner of Azkaban,55,0.0022633212622866013,5.819968960165546e-4,8.406621831350233e-4,0.0011963269529229178,3.2333160889808587e-4,0.0028453181583031556,6.466632177961717e-4,8.083290222452147e-4
Harry Potter and the Prisoner of Azkaban,56,0.001968775904946118,9.066731141199227e-4,5.526388505111909e-4,0.0010275628626692456,6.389886709035645e-4,0.0021932854379662888,6.303536888643272e-4,0.0010966427189831444
Harry Potter and the Prisoner of Azkaban,57,0.001783072696534235,0.0012019230769230768,4.4907016060862214e-4,8.717244294167372e-4,8.981403212172444e-4,0.0020208157227388,6.603972950126796e-4,0.001426458157227388
Harry Potter and the Goblet of Fire,58,8.062589584328715e-4,7.763975155279503e-4,0.0010302197802197802,0.001642379359770664,5.673674151935021e-4,0.0011347348303870045,8.809125656951744e-4,0.0014930721452460583
Harry Potter and the Goblet of Fire,59,0.002155931010207673,9.239704329461456e-4,9.679690249912004e-4,0.0012759591693065823,6.819781766983457e-4,0.0023979232664554737,4.839845124956001e-4,0.001187961985216473
Harry Potter and the Goblet of Fire,60,0.0020303506017791736,0.001130298273155416,6.698063840920984e-4,6.279434850863422e-4,7.326007326007326e-4,0.0018001046572475143,4.186289900575615e-4,0.0010675039246467817
Harry Potter and the Goblet of Fire,61,0.0017349498327759198,6.688963210702341e-4,5.852842809364548e-4,0.0012123745819397995,4.389632107023411e-4,0.0017558528428093644,5.643812709030101e-4,0.0010242474916387961
Harry Potter and the Goblet of Fire,62,0.0013336843028867245,0.0010353601825041677,5.615512854259892e-4,0.0010002632271650434,8.42326928138984e-4,0.001491620601912784,5.089058524173028e-4,8.072299727998596e-4
Harry Potter and the Goblet of Fire,63,0.0011006289308176103,8.647798742138365e-4,2.09643605870021e-4,6.027253668763103e-4,3.9308176100628933e-4,0.0013102725366876309,3.930817610062893e-4,7.337526205450734e-4
Harry Potter and the Goblet of Fire,64,9.042451932229202e-4,9.875309347039786e-4,4.402246335427375e-4,7.138777841233581e-4,9.161431562916428e-4,9.161431562916429e-4,6.781838949171901e-4,0.0010470207500475918
Harry Potter and the Goblet of Fire,65,0.0015694874441004472,7.847437220502236e-4,7.202442380460956e-4,9.782421740626075e-4,7.094943240454077e-4,0.001504987960096319,6.019951840385277e-4,0.0010964912280701754
Harry Potter and the Goblet of Fire,66,0.0014961256399612564,8.129237581292376e-4,6.399612563996126e-4,0.0011502006365020064,6.053687560536875e-4,0.001383700013837,7.437387574373875e-4,7.6103500761035e-4
Harry Potter and the Goblet of Fire,67,0.0010380758382952052,9.793168285803823e-4,4.700720777185835e-4,9.9890316515199e-4,4.700720777185835e-4,0.001547320589157004,4.308994045753682e-4,0.0010576621748668129
Harry Potter and the Goblet of Fire,68,9.233610341643582e-4,6.925207756232687e-4,2.3084025854108956e-4,8.27177593105571e-4,6.155740227762388e-4,0.0012503847337642351,5.963373345644813e-4,7.309941520467836e-4
Harry Potter and the Goblet of Fire,69,0.0011859149790184272,0.0011288998357963874,4.447181171319102e-4,7.754059478197409e-4,9.350483488414524e-4,0.0013341543513957308,7.183908045977011e-4,0.0015736179529282977
Harry Potter and the Goblet of Fire,70,0.001535312180143296,0.0010075486182190378,7.1967758444217e-4,8.316274309109519e-4,7.996417604913e-4,0.001615276356192426,5.117707267144319e-4,0.0015832906857727739
Harry Potter and the Goblet of Fire,71,0.0020597322348094747,0.0011843460350154482,9.140061791967044e-4,0.001364572605561277,7.72399588053553e-4,0.0022399588053553035,6.436663233779608e-4,0.0010942327497425336
Harry Potter and the Goblet of Fire,72,0.0014355542900531511,0.0010559035687167804,6.7625284738041e-4,9.253986332574031e-4,8.18621867881549e-4,0.0015067388003037205,6.169324221716022e-4,0.0013050493545937738
Harry Potter and the Goblet of Fire,73,0.001554498902706657,7.62009266032675e-4,6.0960741282614e-4,9.906120458424775e-4,6.553279687881006e-4,0.0014478176054620825,6.096074128261399e-4,0.0012039746403316263
Harry Potter and the Goblet of Fire,74,0.001661285478300045,0.0011638384141763026,6.194623817389998e-4,0.0010136657155729088,8.165640486559544e-4,0.0015298843670220755,7.227061120288332e-4,0.0010887520648746058
Harry Potter and the Goblet of Fire,75,0.001804385143570537,0.0012484394506866417,4.3890449438202246e-4,0.001180165418227216,8.095349563046193e-4,0.002028714107365793,5.754525593008739e-4,0.001053370786516854
Harry Potter and the Goblet of Fire,76,0.001628291789888748,9.681734966906068e-4,2.728488945218983e-4,8.537529925362625e-4,6.249119842275736e-4,0.001566680749190255,5.721025207717223e-4,9.769750739332488e-4
Harry Potter and the Goblet of Fire,77,0.0018701845547392942,0.0011422684106790896,6.719225945171116e-4,0.0011422684106790898,8.623006629636266e-4,0.0018925819745565311,6.495251746998745e-4,0.0011982619602221825
Harry Potter and the Goblet of Fire,78,0.001649519123238649,9.086334153433237e-4,6.430328785506597e-4,7.269067322746589e-4,5.731380004473272e-4,0.0014538134645493178,5.871169760679937e-4,0.001188212927756654
Harry Potter and the Goblet of Fire,79,0.001358695652173913,7.022471910112359e-4,3.5875671714704445e-4,4.96152906692721e-4,7.633121641426478e-4,0.0014731924767953102,4.5798729848558865e-4,0.0010152051783097215
Harry Potter and the Goblet of Fire,80,0.0014992803454341916,9.49544218774988e-4,5.39740924356309e-4,7.996161842315688e-4,7.19654565808412e-4,0.0016691987845833998,6.496881496881497e-4,0.0010295058371981448
Harry Potter and the Goblet of Fire,81,0.0020252025202520253,0.0010463546354635464,5.625562556255626e-4,9.900990099009901e-4,4.6129612961296135e-4,0.0022839783978397836,6.075607560756075e-4,7.2007200720072e-4
Harry Potter and the Goblet of Fire,82,0.0017428109050168057,8.947466699863064e-4,4.4348313208016933e-4,8.013818000746919e-4,6.846757126851737e-4,0.0017428109050168059,6.379932777293664e-4,0.0010970372214614715
Harry Potter and the Goblet of Fire,83,0.0014190435646374343,9.401163615723003e-4,6.563076486448134e-4,0.0013126152972896268,5.853554704129417e-4,0.0016319000993330495,4.7892720306513413e-4,8.159500496665248e-4
Harry Potter and the Goblet of Fire,84,0.0019656228727025185,0.0010721579305650103,7.402995234853642e-4,0.001182777399591559,5.445881552076242e-4,0.002059223961878829,4.5098706603131385e-4,0.0010040844111640572
Harry Potter and the Goblet of Fire,85,0.0014240506329113924,8.342922899884925e-4,5.753739930955121e-4,0.0010069044879171462,4.027617951668584e-4,0.0016542002301495973,4.315304948216341e-4,7.479861910241657e-4
Harry Potter and the Goblet of Fire,86,0.00172244094488189,9.547244094488189e-4,6.003937007874016e-4,0.001358267716535433,6.496062992125984e-4,0.0018208661417322834,5.708661417322835e-4,0.0011122047244094488
Harry Potter and the Goblet of Fire,87,0.002111965704198714,0.001016580506871769,6.304375236414072e-4,0.0011347875425545327,5.831547093683016e-4,0.002135607111335267,5.358718950951961e-4,9.062539402345227e-4
Harry Potter and the Goblet of Fire,88,0.002649871346825915,9.985022466300548e-4,0.0011521179768808325,0.002726679211951304,5.760589884404164e-4,0.00330273820039172,7.680786512538884e-4,8.064825838165828e-4
Harry Potter and the Goblet of Fire,89,0.0015942298167409608,0.0015323179791976228,0.0013930163447251113,0.0017799653293709757,9.75111441307578e-4,0.001981178801386825,9.596334819217433e-4,0.001547795938583457
Harry Potter and the Goblet of Fire,90,0.002278981768145855,9.889920880632955e-4,7.524939800481596e-4,0.0015909872721018231,5.374957000343997e-4,0.002214482284141727,0.0011179910560715513,7.524939800481596e-4
Harry Potter and the Goblet of Fire,91,0.0019747899159663867,0.0012289915966386554,8.718487394957983e-4,0.001596638655462185,5.987394957983193e-4,0.0021008403361344537,7.247899159663866e-4,0.0016701680672268908
Harry Potter and the Goblet of Fire,92,0.0017017077493152893,9.565812792009023e-4,6.847108103753826e-4,0.00115796681166425,7.753342999838891e-4,0.001933301111648139,5.940873207668761e-4,0.0014096987272434348
Harry Potter and the Goblet of Fire,93,0.0014895980609977782,8.331650171682489e-4,5.049484952534842e-4,7.574227428802263e-4,6.185619066855181e-4,0.0015022217733791153,3.408402342961018e-4,9.215310038376086e-4
Harry Potter and the Order of the Phoenix,94,0.001882790858725762,0.0010820637119113574,8.007271468144044e-4,0.0012119113573407204,6.384175900277008e-4,0.001774584487534626,7.35803324099723e-4,0.0010063192520775623
Harry Potter and the Order of the Phoenix,95,0.0017089441607642893,0.0010603689672212156,7.721133256465162e-4,0.001400098830505683,7.103442595947949e-4,0.0016883544720803821,7.000494152528413e-4,0.0014824575852413113
Harry Potter and the Order of the Phoenix,96,0.0018459915611814348,9.949175297276562e-4,5.873609512850018e-4,7.551783659378596e-4,5.633870349060223e-4,0.0020617568085922514,5.03452243958573e-4,6.113348676639816e-4
Harry Potter and the Order of the Phoenix,97,0.001627661446419145,9.568009853950378e-4,5.608833362660566e-4,9.238078479676228e-4,3.739222241773711e-4,0.0016056660214675347,3.079359493225409e-4,7.038535984515221e-4
Harry Potter and the Order of the Phoenix,98,0.0012572173589122742,8.381449059415161e-4,5.005587632706277e-4,9.312721177127957e-4,5.471223691562674e-4,0.0014085490780406033,5.587632706276775e-4,8.032222015272863e-4
Harry Potter and the Order of the Phoenix,99,0.001474056603773585,8.84433962264151e-4,8.291568396226415e-4,9.397110849056604e-4,5.711969339622641e-4,0.0014279923349056604,4.790683962264151e-4,0.0010410524764150942
Harry Potter and the Order of the Phoenix,100,0.0016166155195089871,0.0013289127575624726,4.932047347654538e-4,8.357080227970188e-4,7.261069706269179e-4,0.0016166155195089871,7.809074967119685e-4,9.864094695309074e-4
Harry Potter and the Order of the Phoenix,101,0.0014644970414201184,0.0010798816568047336,6.656804733727811e-4,0.0010650887573964497,6.80473372781065e-4,0.001242603550295858,7.248520710059172e-4,0.001257396449704142
Harry Potter and the Order of the Phoenix,102,0.00159977634194831,0.0010639289264413518,6.833996023856858e-4,8.775472166998011e-4,7.765904572564613e-4,0.001724030815109344,6.057405566600397e-4,0.0010173334990059642
Harry Potter and the Order of the Phoenix,103,0.0015036947929197456,8.377728131981441e-4,6.874033339061694e-4,8.055507819212923e-4,6.122185942601822e-4,0.0018581371369651143,4.18886406599072e-4,9.988829695824024e-4
Harry Potter and the Order of the Phoenix,104,0.001160311088810838,0.0010348720521826391,5.74928917879244e-4,7.839939789262418e-4,8.153537380832915e-4,0.001348469643753136,5.540224117745443e-4,0.0015261749456430842
Harry Potter and the Order of the Phoenix,105,0.001304412641621944,0.0010882528324388787,4.994036970781157e-4,7.453786523553965e-4,6.037567084078712e-4,0.0013640429338103756,6.48479427549195e-4,0.0014311270125223613
Harry Potter and the Order of the Phoenix,106,0.001305720031281421,8.378952072394146e-4,5.306669645849626e-4,7.6807060663613e-4,6.074740252485756e-4,0.0014663166126689755,4.4687744386102116e-4,8.728075075410569e-4
Harry Potter and the Order of the Phoenix,107,0.0013548466559921172,0.0010007390072669046,5.465574578150018e-4,9.776450301761301e-4,6.543293509052839e-4,0.0015934844192634562,4.2338957999753663e-4,0.0010854169232664122
Harry Potter and the Order of the Phoenix,108,0.0010843417407785392,0.0011936871264032658,4.2826942703017934e-4,7.745298148418136e-4,7.198571220294503e-4,0.0012574719346843564,5.649511590610876e-4,0.0018953200174952618
Harry Potter and the Order of the Phoenix,109,0.001285617939639184,7.692631933906592e-4,5.901197099983139e-4,7.271117855336367e-4,5.479683021412915e-4,0.0013699207553532287,4.215140785702242e-4,8.535660091047042e-4
Harry Potter and the Order of the Phoenix,110,0.0014383043149129447,0.0010408781226343678,4.542013626040878e-4,8.421650264950795e-4,5.677517032551098e-4,0.001457229371688115,3.785011355034065e-4,0.0013531415594246784
Harry Potter and the Order of the Phoenix,111,0.0016960528225221302,9.88608329705413e-4,5.532578725874329e-4,7.255840951966333e-4,7.165142940066754e-4,0.0015962850094325932,5.44188071397475e-4,0.001296981570163982
Harry Potter and the Order of the Phoenix,112,0.001267143709004174,7.081097197376268e-4,5.217650566487776e-4,8.199165175909362e-4,6.149373881932022e-4,0.0013975849731663686,5.3108228980322e-4,0.0010342128801431125
Harry Potter and the Order of the Phoenix,113,9.266886326194399e-4,8.031301482701813e-4,3.6037891268533774e-4,0.0010502471169686984,7.104612850082372e-4,0.0012458813838550247,6.280889621087315e-4,0.0010502471169686986
Harry Potter and the Order of the Phoenix,114,0.0014125255275697752,0.001123213070115725,7.062627637848877e-4,0.0011061946902654867,8.253914227365555e-4,0.0016933287950987065,5.871341048332199e-4,0.0010211027910142954
Harry Potter and the Order of the Phoenix,115,0.0012871318022965553,9.048926610084872e-4,6.864702945581627e-4,0.0011155142286570145,4.914503245132301e-4,0.0014821517723414878,5.304543185222167e-4,9.750998502246629e-4
Harry Potter and the Order of the Phoenix,116,0.0013136620856911882,9.768256534626785e-4,6.652519536513069e-4,8.084074373484237e-4,9.094583670169766e-4,0.0015073430342225815,6.736728644570197e-4,0.0010105092966855294
Harry Potter and the Order of the Phoenix,117,0.0017071437399579779,8.188110245952293e-4,6.565937461376838e-4,9.03781979977753e-4,5.561735261401557e-4,0.00171486837226548,4.5575330614262756e-4,0.0011586948461253246
Harry Potter and the Order of the Phoenix,118,0.0015347359328726556,9.87166831194472e-4,7.557996051332675e-4,0.0012339585389930898,5.475691016781836e-4,0.0018278010858835143,6.246915103652517e-4,9.254689042448173e-4
Harry Potter and the Order of the Phoenix,119,0.0015453697224166083,9.038954980172616e-4,7.216585024492653e-4,8.310006997900631e-4,5.612899463494285e-4,0.0017567646372754842,4.8110566829951014e-4,0.0012392115698623746
Harry Potter and the Order of the Phoenix,120,0.0016403543831601385,8.992805755395684e-4,5.662136957100986e-4,0.0010824673594457767,7.743804956035172e-4,0.001498800959232614,6.161737276845191e-4,0.0012656541433519852
Harry Potter and the Order of the Phoenix,121,0.0013322737471952132,8.414360508601346e-4,6.466591872351035e-4,9.115557217651459e-4,7.167788581401147e-4,0.001262154076290202,7.089877835951135e-4,0.0010673772126651706
Harry Potter and the Order of the Phoenix,122,0.001328187650360866,0.0010692328254477412,4.594359796845763e-4,7.768644747393745e-4,7.267441860465116e-4,0.0013699545576049185,6.348569901095964e-4,0.0014869018978882651
Harry Potter and the Order of the Phoenix,123,0.0014792899408284025,7.245501750996257e-4,7.094553797850502e-4,9.056877188745321e-4,5.585074266392948e-4,0.001645332689288733,5.962444149257336e-4,9.811616954474097e-4
Harry Potter and the Order of the Phoenix,124,0.001222284504235177,8.56377678126557e-4,4.3597409068261083e-4,9.030891878425511e-4,5.916791230692576e-4,0.0014091305430991529,5.293971101145989e-4,0.001152217239661186
Harry Potter and the Order of the Phoenix,125,0.0015635087153001936,7.867979341510652e-4,6.254034861200774e-4,0.0011398482892188509,5.144448030987734e-4,0.0013617656552614588,5.64880568108457e-4,0.0010389767591994837
Harry Potter and the Order of the Phoenix,126,0.0016729469854469855,6.659303534303535e-4,7.471413721413722e-4,0.0011207120582120583,5.359927234927235e-4,0.001575493762993763,6.172037422037422e-4,6.659303534303535e-4
Harry Potter and the Order of the Phoenix,127,0.0015284677111196026,8.836453954910202e-4,3.1047000382116927e-4,8.478219335116545e-4,5.73175391669851e-4,0.0017672907909820404,4.2988154375238824e-4,7.045280855941918e-4
Harry Potter and the Order of the Phoenix,128,0.0024072409808704584,0.0014202721787135704,0.0010431377583771987,0.001444344588522275,4.814481961740917e-4,0.0025757478495313903,0.0010431377583771987,6.339067916292208e-4
Harry Potter and the Order of the Phoenix,129,0.0018810520806071707,8.832766291546715e-4,8.669196545406961e-4,0.0017829102329233184,4.08924365349385e-4,0.002208191572886679,5.888510861031144e-4,7.033499084009422e-4
Harry Potter and the Order of the Phoenix,130,0.0013744749196936002,0.0011582653817642698,5.714109216703731e-4,0.0011273783049172226,6.717939214232765e-4,0.0018223375339757846,4.710279219174697e-4,9.806646898937485e-4
Harry Potter and the Order of the Phoenix,131,0.0015302092931420296,9.790048703435567e-4,6.005660128998289e-4,7.239699881532183e-4,7.651046465710148e-4,0.001678294063446097,6.499276030011847e-4,0.0011599973673818611
Harry Potter and the Half-Blood Prince,132,7.506398897420753e-4,0.0010828903327426659,6.768064579641662e-4,0.0011690293364835598,5.537507383343178e-4,9.106123252608781e-4,5.906674542232723e-4,9.844457570387872e-4
Harry Potter and the Half-Blood Prince,133,8.752790744875179e-4,8.24538258575198e-4,8.625938705094378e-4,0.0010528719301806373,4.820377511670388e-4,0.0015349096813476763,5.708341790135985e-4,0.0010148163182463975
Harry Potter and the Half-Blood Prince,134,0.0011812714776632304,0.001208118556701031,6.577534364261169e-4,0.0010873067010309279,6.711769759450172e-4,0.0014497422680412372,7.651417525773196e-4,9.39647766323024e-4
Harry Potter and the Half-Blood Prince,135,0.0015611990008326394,0.0010407993338884263,6.452955870108243e-4,8.742714404662781e-4,8.534554537885096e-4,0.0016965029142381348,5.51623646960866e-4,0.0011761032472939216
Harry Potter and the Half-Blood Prince,136,0.001319758672699849,0.0010474275180157532,3.2470253058488355e-4,6.494050611697671e-4,6.179822356292945e-4,0.0014245014245014246,5.027652086475616e-4,7.646220881515e-4
Harry Potter and the Half-Blood Prince,137,0.0013589264481059962,0.001104127739086122,5.839137081705452e-4,7.219296755563106e-4,8.068625785629353e-4,0.00156064209274673,5.839137081705452e-4,9.342619330728725e-4
Harry Potter and the Half-Blood Prince,138,0.001505794449527295,9.53034461726136e-4,4.8604757548032933e-4,6.004117108874657e-4,7.624275693809088e-4,0.0017631137541933516,5.81351021652943e-4,8.767917047880451e-4
Harry Potter and the Half-Blood Prince,139,0.0016833062456466218,0.001059322033898305,6.965405154399814e-4,7.981193406083121e-4,8.12630601346645e-4,0.001668794984908289,5.369166473183191e-4,0.0012479684234966335
Harry Potter and the Half-Blood Prince,140,0.001313908509922637,0.001093171880255634,4.940295997309115e-4,6.306760847628658e-4,8.829465186680121e-4,0.0012613521695257314,5.570972082071981e-4,0.0011877732929700638
Harry Potter and the Half-Blood Prince,141,0.0015106684447407902,9.89748291381897e-4,8.230538423070512e-4,9.064010668444741e-4,9.168194699116519e-4,0.0017086181030171697,5.625937656276046e-4,0.001135605934322387
Harry Potter and the Half-Blood Prince,142,0.001601936998630405,0.0010516532968108004,6.970260223048327e-4,0.0010761103502250047,6.35883388769321e-4,0.0017364507924085306,7.214830757190374e-4,0.0011617100371747212
Harry Potter and the Half-Blood Prince,143,0.0015671433878157504,5.804234769687964e-4,4.527303120356612e-4,7.893759286775632e-4,4.0629643387815747e-4,0.0016716196136701336,6.152488855869242e-4,0.0010331537890044577
Harry Potter and the Half-Blood Prince,144,0.0010643655008240249,0.001075810291155466,6.29463468229262e-4,7.439113715436733e-4,6.637978392235854e-4,0.0011215894524812305,0.001075810291155466,0.0013161508881157297
Harry Potter and the Half-Blood Prince,145,0.0017697753154816867,7.309941520467836e-4,6.059556786703601e-4,7.117574638350262e-4,7.502308402585411e-4,0.001827485380116959,6.925207756232687e-4,0.0011157279162819329
Harry Potter and the Half-Blood Prince,146,0.001456227514133973,0.001102878190851465,6.210382045571355e-4,7.174062018160014e-4,8.566044200788075e-4,0.0015418879561418537,5.567928730512249e-4,0.0011885386328593457
Harry Potter and the Half-Blood Prince,147,0.0015670791273200912,0.001058287202865516,4.7826440898730057e-4,7.123086942364051e-4,9.260013025073267e-4,0.0013737381960273526,6.716053402800391e-4,0.0010481113643764247
Harry Potter and the Half-Blood Prince,148,0.0013254327147980665,8.283954467487914e-4,5.262747544051146e-4,7.601746452518322e-4,7.601746452518322e-4,0.0015203492905036644,9.550912209574302e-4,0.0012279744269452673
Harry Potter and the Half-Blood Prince,149,0.0015849373663305835,7.924686831652919e-4,4.010082493125573e-4,7.35181790406355e-4,6.397036358081271e-4,0.00170905896730828,6.683470821875955e-4,0.0010884509624197983
Harry Potter and the Half-Blood Prince,150,0.0018264290301862555,7.827552986512524e-4,5.920841361592807e-4,0.001013567758509955,4.616249197174053e-4,0.0019067116249197177,5.720134874759152e-4,9.232498394348105e-4
Harry Potter and the Half-Blood Prince,151,0.0012325003763359928,9.972903808520247e-4,5.550955893421646e-4,7.056299864519043e-4,6.491795875357519e-4,0.001298359175071504,6.115459882583171e-4,0.0012419087761553515
Harry Potter and the Half-Blood Prince,152,0.0013782774787289458,7.271227643688141e-4,4.992186143427679e-4,8.139433929501649e-4,4.3410314290675465e-4,0.0014325403715922903,4.7751345719743014e-4,6.620072929328009e-4
Harry Potter and the Half-Blood Prince,153,0.0017017060141306221,0.0010447182491814578,7.970015509219368e-4,0.0011847320351542304,7.97001550921937e-4,0.002175598828192314,6.139066000344649e-4,9.477856281233845e-4
Harry Potter and the Half-Blood Prince,154,0.0015498536249354228,0.001183915963492337,7.21112450490787e-4,0.001097812984329258,7.103495780954022e-4,0.0016790080936800414,7.21112450490787e-4,0.0012269674530738764
Harry Potter and the Half-Blood Prince,155,0.001419259882253995,7.25399495374264e-4,5.361648444070648e-4,8.830950378469302e-4,5.256518082422204e-4,0.001629520605550883,4.6257359125315394e-4,8.51555929352397e-4
Harry Potter and the Half-Blood Prince,156,0.0017333792289535798,9.097167584579071e-4,3.1963021243115654e-4,8.851298190401259e-4,5.040322580645161e-4,0.0017948465774980332,5.654996066089693e-4,0.0011432926829268292
Harry Potter and the Half-Blood Prince,157,0.0015990208464939989,6.6132343651295e-4,4.1456096020214784e-4,0.00108575489576753,5.231364497789008e-4,0.0019148768161718255,4.639134554643083e-4,9.77179406190777e-4
Harry Potter and the Half-Blood Prince,158,0.0014805180429488599,8.440336506530883e-4,7.748505645339827e-4,0.0013698251051582908,5.396280717290238e-4,0.0016742306840823555,0.00070566747841487715,0.0010930927606818686
Harry Potter and the Half-Blood Prince,159,0.0028621981681931728,7.805995004163197e-4,0.0012489592006661116,0.0020642520122120455,1.3877324451845683e-4,0.002966278101582015,7.805995004163197e-4,8.152928115459339e-4
Harry Potter and the Half-Blood Prince,160,0.0014605978260869563,7.699275362318841e-4,6.906702898550725e-4,0.0011662137681159419,4.4157608695652174e-4,0.0018342391304347829,4.4157608695652174e-4,0.001188858695652174
Harry Potter and the Half-Blood Prince,161,0.0015896614821591948,8.806038426349496e-4,6.290027447392498e-4,9.492223238792315e-4,8.920402561756632e-4,0.002024245196706313,4.8032936870997254e-4,0.001155077767612077
Harry Potter and the Deathly Hallows,162,5.82610093217615e-4,0.0010045001607200256,8.839601414336227e-4,9.040501446480232e-4,9.442301510768242e-4,9.643201542912246e-4,7.43330118932819e-4,0.0012455801992928318
Harry Potter and the Deathly Hallows,163,0.0011513567338810057,0.001322504356484939,6.845904904157332e-4,9.802091112770723e-4,9.179736121483693e-4,0.0014314164799601693,6.845904904157331e-4,0.0014002987303958177
Harry Potter and the Deathly Hallows,164,0.0018549364021804968,9.463961235614778e-4,3.028467595396729e-4,9.274682010902483e-4,6.624772864930344e-4,0.0020442156268927923,5.867655966081163e-4,0.0011735311932162327
Harry Potter and the Deathly Hallows,165,0.0023624625748502994,0.0011344498502994012,6.54940119760479e-4,0.001567178143712575,6.432447604790419e-4,0.002678237275449102,0.0010759730538922156,8.888473053892215e-4
Harry Potter and the Deathly Hallows,166,0.0017787150647580094,8.201261077027948e-4,7.136162235855488e-4,0.001139655760054533,5.751533742331289e-4,0.002140848670756646,5.432004089979551e-4,9.26635991820041e-4
Harry Potter and the Deathly Hallows,167,0.0014129115460476407,8.818843878015476e-4,5.499924138977393e-4,0.0010430890608405402,6.732665756334395e-4,0.0015361857077833409,5.689576695493855e-4,6.732665756334395e-4
Harry Potter and the Deathly Hallows,168,0.0012351778656126482,0.0010641532380662815,3.3254788689571294e-4,6.460930373973852e-4,7.886135603526908e-4,0.0014062024931590148,5.700820918212223e-4,9.691395560960778e-4
Harry Potter and the Deathly Hallows,169,0.0011788650652909882,0.001199016604868612,4.332581009189102e-4,6.851523456392069e-4,0.0010075769788811864,0.0014307593100112849,6.549250362727712e-4,0.0011687892955021765
Harry Potter and the Deathly Hallows,170,0.0020479368932038835,6.826456310679612e-4,9.557038834951457e-4,0.0014108009708737863,3.6407766990291263e-4,0.0021996359223300974,7.281553398058253e-4,5.309466019417476e-4
Harry Potter and the Deathly Hallows,171,0.001495710415412402,0.001053582179409994,8.654425045153521e-4,9.501053582179411e-4,6.961167971101746e-4,0.0016368151715833834,5.550120409391932e-4,9.689193257074052e-4
Harry Potter and the Deathly Hallows,172,0.0019229039222741994,0.0012482007916516733,8.208888089240734e-4,0.0013718963655991363,9.220942785174523e-4,0.0019453940266282834,8.321338611011155e-4,0.0010345448002878734
Harry Potter and the Deathly Hallows,173,0.0014558727034120736,0.0013841043307086613,6.869258530183726e-4,0.0010765255905511811,7.176837270341207e-4,0.0016301673228346456,7.894520997375329e-4,0.001138041338582677
Harry Potter and the Deathly Hallows,174,0.001585261353898886,7.28363324764353e-4,5.355612682090831e-4,0.0011461011139674378,4.605826906598114e-4,0.001617395029991431,6.426735218508997e-4,7.819194515852613e-4
Harry Potter and the Deathly Hallows,175,0.001758274231678487,9.604018912529551e-4,6.796690307328605e-4,0.00116725768321513,6.944444444444445e-4,0.001743498817966903,4.2848699763593383e-4,5.91016548463357e-4
Harry Potter and the Deathly Hallows,176,0.001409506137596346,8.474878675421068e-4,4.906508706822723e-4,9.545389666000572e-4,5.977019697402227e-4,0.001775264059377676,5.977019697402227e-4,9.01013417071082e-4
Harry Potter and the Deathly Hallows,177,0.001332597003457549,0.0010684786784479446,4.562043795620438e-4,7.44333461390703e-4,7.923549750288129e-4,0.0018008067614291201,5.642527852477911e-4,0.0010684786784479446
Harry Potter and the Deathly Hallows,178,0.0018341638981173866,7.498154300479881e-4,9.805278700627537e-4,0.0017188076781100038,5.075673680324844e-4,0.0020764119601328905,5.075673680324843e-4,4.844961240310077e-4
Harry Potter and the Deathly Hallows,179,0.001691621076878779,0.0016916210768787793,8.098186006334581e-4,0.0014756694500431904,0.0010617621652749785,0.0018895767348114023,9.357903829542183e-4,0.001367693636625396
Harry Potter and the Deathly Hallows,180,0.001486546751895347,6.317823695555226e-4,5.017095287646796e-4,0.0010684554779247808,3.9950943957187455e-4,0.00161661959268619,4.366731083692582e-4,6.410732867548685e-4
Harry Potter and the Deathly Hallows,181,0.0014284113824781538,8.822540891776832e-4,6.441855254313242e-4,8.26237956531481e-4,7.42213757562178e-4,0.001414407349316603,5.881693927851222e-4,9.382702218238854e-4
Harry Potter and the Deathly Hallows,182,0.0019478495740702264,0.0010648244338250573,0.0010388531061707874,0.001168709744442136,5.84354872221068e-4,0.0017660502804903388,9.08996467899439e-4,0.0012206523997506753
Harry Potter and the Deathly Hallows,183,0.0016842602128389977,0.0011156882938551322,7.938551321661517e-4,0.0011907826982492276,6.114830072090629e-4,0.0017378990731204945,6.758496395468589e-4,0.0012444215585307244
Harry Potter and the Deathly Hallows,184,0.0018339953869810355,6.166709379805227e-4,9.610456176319836e-4,0.0015697078421322399,4.5649666837519224e-4,0.0021383264992311636,5.846360840594567e-4,6.967580727831881e-4
Harry Potter and the Deathly Hallows,185,0.0018508184523809525,9.765625e-4,9.114583333333333e-4,0.0014601934523809524,5.115327380952381e-4,0.002120535714285714,5.301339285714286e-4,6.882440476190477e-4
Harry Potter and the Deathly Hallows,186,0.0013502643070558492,8.331418064812687e-4,7.900482647667203e-4,0.0010486095150540106,7.18225695242473e-4,0.0014220868765800966,4.4529993105033326e-4,7.756837508618708e-4
Harry Potter and the Deathly Hallows,187,0.0016810407835111825,9.775617599766116e-4,8.587925741850608e-4,0.0015714076889343663,5.938459289577548e-4,0.001671904692296448,6.395263850314283e-4,8.131121181113873e-4
Harry Potter and the Deathly Hallows,188,0.0013566260472201066,8.33015993907083e-4,9.758187357197257e-4,0.001547029702970297,6.188118811881188e-4,0.00168983244478294,4.7600913937547606e-4,9.758187357197257e-4
Harry Potter and the Deathly Hallows,189,0.0014528448085012176,9.270533539960152e-4,8.717068851007306e-4,0.0011207659951295108,4.704449856099181e-4,0.0015220278946203231,6.503210095195927e-4,9.547265884436572e-4
Harry Potter and the Deathly Hallows,190,0.0015493581230633024,8.853474988933156e-4,4.84174413457282e-4,9.9601593625498e-4,6.363435148295706e-4,0.0015631916777335104,5.395086321381143e-4,8.438468348826914e-4
Harry Potter and the Deathly Hallows,191,0.0017528147389969293,6.141248720573182e-4,7.292732855680655e-4,0.0013561924257932446,3.8382804503582393e-4,0.001714431934493347,6.525076765609007e-4,0.0014073694984646878
Harry Potter and the Deathly Hallows,192,0.0019827586206896553,8.855799373040752e-4,6.89655172413793e-4,0.0015595611285266458,5.250783699059561e-4,0.002053291536050157,6.504702194357366e-4,8.542319749216301e-4
Harry Potter and the Deathly Hallows,193,0.002037674334359717,8.490309726498823e-4,0.0011207208838978446,0.0018452273138924108,4.528165187466039e-4,0.002218800941858359,5.660206484332549e-4,9.735555153051983e-4
Harry Potter and the Deathly Hallows,194,0.0012026549750334915,9.590792838874681e-4,9.438558031908415e-4,9.438558031908417e-4,5.861040068201194e-4,0.0014157837047862622,5.556570454268664e-4,0.0010351966873706003
Harry Potter and the Deathly Hallows,195,0.0013383642930856552,0.0011609907120743034,6.933694530443757e-4,0.0012416150670794635,6.449948400412797e-4,0.0016286119711042312,4.998710010319917e-4,9.836171310629515e-4
Harry Potter and the Deathly Hallows,196,0.0017256902761104442,0.0011879751900760304,9.128651460584233e-4,0.0013130252100840335,9.128651460584233e-4,0.0018257302921168468,6.127450980392157e-4,0.0012755102040816328
Harry Potter and the Deathly Hallows,197,0.002104288907516066,0.001100167644593462,8.6441743503772e-4,0.0014930846605196984,8.032970103380833e-4,0.0020868259290304555,9.604638167085778e-4,0.0011874825370215142
Harry Potter and the Deathly Hallows,198,0.0010359116022099447,5.371393492940455e-4,1.9183548189073053e-4,4.987722529158994e-4,6.522406384284838e-4,0.0013044812768569676,3.83670963781461e-4,8.05709023941068e-4
